City_Name,Country,Longtitude,Latitude,Humidity%,Temp,Min_Temp,Max_Temp,Cloudness,Wind_Speed,Date
Yanam,IN,82.22,16.73,84,22.08,22.08,22.08,0,2.1,1519154556
Neyshabur,IR,58.79,36.21,100,5.56,5.56,5.56,64,1.55,1519154557
Jamestown,SH,-5.72,-15.94,100,22.66,22.66,22.66,80,6.2,1519154557
Mitsamiouli,KM,43.28,-11.38,83,27,27,27,20,2.1,1519149600
Tuktoyaktuk,CA,-133.03,69.44,90,-15.55,-15.55,-15.55,88,3.75,1519154558
Hobart,AU,147.33,-42.88,81,10,10,10,75,3.1,1519149600
Cape Town,ZA,18.42,-33.93,64,20,20,20,20,8.2,1519153200
Bluff,NZ,168.33,-46.6,100,12.83,12.83,12.83,92,11.9,1519154559
New Norfolk,AU,147.06,-42.78,81,10,10,10,75,3.1,1519149600
Magburaka,SL,-11.95,8.72,29,36.28,36.28,36.28,0,2.3,1519154560
Port Elizabeth,ZA,25.57,-33.92,88,21,21,21,90,2.1,1519153200
Galbshtadt,RU,78.98,53.23,59,-14.8,-14.8,-14.8,48,3.35,1519154561
Mahibadhoo,MV,72.97,3.78,100,28.21,28.21,28.21,0,6.3,1519154561
Hay River,CA,-115.79,60.82,69,-26.45,-26.45,-26.45,12,1.75,1519154561
San Jose,GT,-89.9,16.98,55,29.81,29.81,29.81,48,2.65,1519154562
Cooma,AU,149.13,-36.24,86,3.41,3.41,3.41,12,1,1519154563
Pahrump,US,-115.98,36.21,21,4.39,3,7,1,3.1,1519152960
Borba,BR,-59.59,-4.39,69,30.25,30.25,30.25,68,1.4,1519154563
Namatanai,PG,152.44,-3.66,98,28.41,28.41,28.41,68,4.35,1519154563
Nyurba,RU,118.35,63.29,34,-30.75,-30.75,-30.75,44,1.45,1519154564
Lindi,TZ,39.71,-10,79,26.06,26.06,26.06,0,2.1,1519154564
Natal,BR,-35.21,-5.81,62,31,31,31,40,5.7,1519149600
Souillac,MU,57.52,-20.52,88,26,26,26,75,2.1,1519153200
Georgetown,SH,-14.42,-7.93,100,25.53,25.53,25.53,8,7.5,1519154566
Awjilah,LY,21.3,29.14,38,17.71,17.71,17.71,0,3.3,1519154566
Yellowknife,CA,-114.38,62.45,44,-33.22,-33.22,-33.22,20,4.9,1519154566
Hohhot,CN,111.65,40.81,35,-14,-14,-14,0,2,1519149600
Sao Joao da Barra,BR,-41.05,-21.64,62,30,30,30,20,7.2,1519149600
Montepuez,MZ,39,-13.13,84,22.75,22.75,22.75,32,2.35,1519154567
Busselton,AU,115.35,-33.64,100,16.5,16.5,16.5,0,8.8,1519154568
Lumeje,AO,20.78,-11.56,70,24.06,24.06,24.06,12,2.15,1519154568
Rikitea,PF,-134.97,-23.12,100,26.66,26.66,26.66,12,5.55,1519154569
Vaini,TO,-175.2,-21.2,83,25,25,25,40,5.8,1519149600
Cherskiy,RU,161.3,68.75,67,-22.92,-22.92,-22.92,68,1.75,1519154570
Camacari,BR,-38.32,-12.7,66,29,29,29,20,5.7,1519149600
Sunndalsora,NO,8.55,62.68,59,0.49,0,1,0,1,1519152600
Qaanaaq,GL,-69.36,77.48,76,-20.07,-20.07,-20.07,36,1.15,1519154571
Grand Gaube,MU,57.66,-20.01,88,26,26,26,75,2.1,1519153200
San Cristobal,EC,-79.44,-1.02,100,18.66,18.66,18.66,88,1.55,1519154572
Los Llanos de Aridane,ES,-17.92,28.66,67,17,17,17,40,6.2,1519153200
Hermanus,ZA,19.24,-34.42,73,19.06,19.06,19.06,36,3.3,1519154573
Mar del Plata,AR,-67.52,-46.43,36,22.28,22.28,22.28,0,4.4,1519154574
Cienfuegos,CU,-80.44,22.15,55,28.84,28,30,40,2.6,1519152780
Beya,RU,90.92,53.05,75,-8.57,-8.57,-8.57,68,1.2,1519154574
Butaritari,KI,172.79,3.07,100,26.43,26.43,26.43,68,2.35,1519154575
Kapaa,US,-159.32,22.08,83,21,21,21,1,2.6,1519152960
Ushuaia,AR,-68.31,-54.81,58,15,15,15,40,1.5,1519149600
Louga,SN,-16.22,15.62,44,26,26,26,0,4.1,1519149600
Kavaratti,IN,72.64,10.57,100,28.16,28.16,28.16,0,4.2,1519154576
Carnarvon,AU,113.63,-24.87,97,24.93,24.93,24.93,0,8.45,1519154577
Bosaso,SO,49.18,11.28,100,23.16,23.16,23.16,12,3.45,1519154577
Saint George,BM,-64.68,32.38,60,20,20,20,20,5.1,1519152900
Pychas,RU,52.44,56.5,84,-8.32,-8.32,-8.32,88,2.4,1519154578
Yulara,AU,130.99,-25.24,78,25,25,25,80,2.1,1519149600
Muscat,OM,58.55,23.6,73,25,25,25,24,2.1,1519149000
Xichang,CN,102.25,27.88,28,8.81,8.81,8.81,20,0.85,1519154579
Hobyo,SO,48.53,5.35,89,24.61,24.61,24.61,12,5.35,1519154580
Talnakh,RU,88.39,69.49,33,-30.32,-30.32,-30.32,32,1.6,1519154580
Hilo,US,-155.08,19.71,61,19.97,15,26,20,6.05,1519152960
Dothan,US,-85.39,31.22,61,25.84,25,27,90,6.2,1519153080
Kysyl-Syr,RU,122.77,63.9,46,-33.8,-33.8,-33.8,44,1.25,1519154581
Ojinaga,MX,-104.42,29.57,36,19.93,19.93,19.93,0,4.3,1519154582
Esperance,AU,121.89,-33.86,97,18.18,18.18,18.18,92,4.2,1519154582
Kerman,IR,57.06,30.29,26,9,9,9,0,2.1,1519149600
Tautira,PF,-149.15,-17.73,78,28,28,28,40,6.2,1519149600
Grindavik,IS,-22.43,63.84,74,0.38,0,1,40,4.1,1519151400
Winslow,US,-110.7,35.02,19,3,3,3,1,3.1,1519152960
Punta Arenas,CL,-70.91,-53.16,58,13.54,13,14,40,10.3,1519149600
Vao,NC,167.48,-22.67,100,25.81,25.81,25.81,56,6.25,1519154585
Kodiak,US,-94.76,39.95,79,-4,-4,-4,90,7.7,1519149660
Wajima,JP,136.9,37.4,96,4.33,4.33,4.33,92,4.8,1519154585
Vostok,RU,135.83,46.45,56,-18.85,-18.85,-18.85,36,2.25,1519154586
Cairns,AU,145.77,-16.92,78,26,26,26,40,0.5,1519149600
Chokurdakh,RU,147.9,70.62,76,-27.42,-27.42,-27.42,0,3.65,1519154587
Dikson,RU,80.55,73.51,79,-24.4,-24.4,-24.4,8,4.85,1519154587
Provideniya,RU,-173.23,64.42,88,-0.07,-0.07,-0.07,36,17.45,1519154587
Flinders,AU,150.85,-34.58,77,16,16,16,90,1.5,1519149600
Namanyere,TZ,31.05,-7.51,72,19.28,19.28,19.28,12,1.4,1519154588
Avarua,CK,-159.78,-21.21,83,26,26,26,75,3.1,1519149600
Kodinsk,RU,99.18,58.6,73,-12.15,-12.15,-12.15,56,2.4,1519154414
Road Town,VG,-64.62,18.42,61,27.46,27,28,40,4.6,1519153200
Edinburg,US,-98.16,26.3,61,27.23,26,28,90,10.3,1519152120
Westport,IE,-9.52,53.8,86,5,5,5,20,2.1,1519153200
Bredasdorp,ZA,20.04,-34.53,60,22,22,22,80,3.1,1519153200
Albany,AU,117.88,-35.02,78,14.66,14.66,14.66,64,3.1,1519154590
Nikolskoye,RU,30.79,59.7,84,-14,-14,-14,40,2,1519151400
Muroto,JP,134.14,33.37,100,3.96,3.96,3.96,88,4.6,1519154591
Upernavik,GL,-56.15,72.79,100,-19.55,-19.55,-19.55,24,4.7,1519154592
Antsohihy,MG,47.99,-14.88,99,22.36,22.36,22.36,48,2.7,1519154592
Coquimbo,CL,-71.34,-29.95,64,22,22,22,0,6.2,1519149600
Castro,CL,-73.76,-42.48,75,16.46,16.46,16.46,88,1.85,1519154593
Blackwater,AU,148.88,-23.58,98,20.25,20.25,20.25,92,4.65,1519154593
Biak,ID,122.88,-0.91,100,25.5,25.5,25.5,44,0.75,1519154594
Husavik,IS,-17.34,66.04,59,2,2,2,90,5.7,1519149600
Atuona,PF,-139.03,-9.8,96,27.71,27.71,27.71,92,9.3,1519154594
Tura,RU,100.22,64.27,80,-28.45,-28.45,-28.45,24,1.05,1519154595
La Ronge,CA,-105.3,55.1,52,-20.35,-20.35,-20.35,24,3.55,1519154596
Torbay,CA,-52.73,47.66,79,2.86,2.86,2.86,32,5.65,1519154596
Mitu,CO,-70.17,1.2,35,35.33,35.33,35.33,0,2.65,1519154596
Opuwo,NA,13.84,-18.06,16,30.21,30.21,30.21,76,4.3,1519154597
Burnie,AU,145.91,-41.05,100,16.91,16.91,16.91,80,8.2,1519154597
Abu Zabad,SD,29.25,12.35,44,24.03,24.03,24.03,0,1.65,1519154597
Hithadhoo,MV,73.08,-0.6,100,27.93,27.93,27.93,76,3.2,1519154598
Port Alfred,ZA,26.89,-33.59,98,21.46,21.46,21.46,100,2.75,1519154598
Cabo San Lucas,MX,-109.91,22.89,53,22.58,22,23,24,3.6,1519149000
Sorland,NO,12.69,67.67,73,-4,-4,-4,20,3.1,1519152600
Huarmey,PE,-78.15,-10.07,48,26.31,26.31,26.31,0,1.75,1519154599
Luderitz,NA,15.16,-26.65,68,21,21,21,0,8.2,1519149600
Dalbandin,PK,64.41,28.9,74,15.31,15.31,15.31,20,1.95,1519154601
Charlottetown,CA,-63.13,46.23,93,3.43,3.43,3.43,36,3.85,1519154441
Bhuvanagiri,IN,79.65,11.44,91,23.96,23.96,23.96,0,4.25,1519154601
Hasaki,JP,140.83,35.73,100,1.9,0,4,75,6.2,1519153200
Bathsheba,BB,-59.52,13.22,99,25.96,25.96,25.96,36,9.65,1519154467
Saint-Philippe,RE,55.77,-21.36,83,24.47,24,25,90,2.6,1519153200
Beloeil,CA,-73.2,45.57,95,1.68,1.68,1.68,92,1.65,1519154603
Celestun,MX,-90.4,20.87,84,27.43,27.43,27.43,76,6.75,1519154604
Lagoa,PT,-8.45,37.14,72,15,15,15,0,4.1,1519149600
Katsuura,JP,134.5,33.93,92,1.28,1.28,1.28,76,2,1519154605
San Patricio,MX,-104.7,19.22,74,29,29,29,40,5.1,1519152120
Markova,RU,104.21,52.21,77,-16,-16,-16,40,2,1519151400
Rongcheng,CN,122.42,37.16,89,-5.35,-5.35,-5.35,44,1.95,1519154606
Linden,GY,-58.31,6.01,54,29,29,29,75,7.2,1519153200
Edgewater,US,-80.9,28.99,69,27.13,25,29,40,7.7,1519153260
Tiruppur,IN,77.35,11.1,41,26,26,26,0,2.6,1519149600
College,US,-147.8,64.86,100,0,-1,1,90,4.6,1519153080
Te Anau,NZ,167.72,-45.41,98,5.93,5.93,5.93,92,5.1,1519154607
Awbari,LY,12.77,26.59,29,18,18,18,88,2.3,1519154607
Tasiilaq,GL,-37.64,65.61,73,-7,-7,-7,75,4.1,1519149000
San Francisco,AR,-62.08,-31.43,35,32.06,32.06,32.06,24,6.15,1519154608
Kolpashevo,RU,82.9,58.31,82,-8.5,-8.5,-8.5,88,3.1,1519154609
Maragogi,BR,-35.22,-9.01,97,27.11,27.11,27.11,32,3.1,1519154609
Shenjiamen,CN,122.3,29.96,98,8.5,8.5,8.5,92,9.5,1519154610
Panalingaan,PH,117.42,8.78,95,24.68,24.68,24.68,0,1.5,1519154610
Sao Filipe,CV,-24.5,14.9,95,21.11,21.11,21.11,36,6.75,1519154610
Namibe,AO,12.15,-15.19,100,24.5,24.5,24.5,24,3.6,1519154611
Pevek,RU,170.27,69.7,82,-18.95,-18.95,-18.95,68,9.5,1519154611
Aracati,BR,-37.77,-4.56,66,31.28,31.28,31.28,8,2.9,1519154611
Partizansk,RU,133.13,43.13,54,-16.07,-16.07,-16.07,0,2.3,1519154612
Barrow,US,-90.4,39.51,100,10.42,6,18,90,8.5,1519154100
Mahebourg,MU,57.7,-20.41,88,26,26,26,75,2.1,1519153200
Tuatapere,NZ,167.69,-46.13,100,10.43,10.43,10.43,92,7.75,1519154613
Hibbing,US,-92.94,47.43,72,-13.01,-14,-12,90,4.1,1519152240
Danville,US,-84.77,37.65,47,24.81,24,26,40,10.8,1519150500
Santa Rosa,BO,-64.83,-20.7,71,19.68,19.68,19.68,12,1,1519154614
Broome,AU,122.23,-17.97,78,28,28,28,40,4.1,1519149600
Paamiut,GL,-49.67,61.99,100,-9.85,-9.85,-9.85,56,4.6,1519154616
Chuy,UY,-53.46,-33.69,89,25.28,25.28,25.28,92,6.4,1519154617
Thompson,CA,-97.86,55.74,69,-20.8,-20.8,-20.8,48,1.95,1519154617
Longyearbyen,SJ,15.64,78.22,67,-6,-6,-6,20,6.7,1519152600
Klaksvik,FO,-6.59,62.23,80,4,4,4,32,3.6,1519152600
Solnechnyy,RU,136.64,50.72,72,-26.97,-26.97,-26.97,12,1.2,1519154618
Tiksi,RU,128.87,71.64,71,-23.85,-23.85,-23.85,68,11.2,1519154619
Nyaunglebin,MM,96.73,17.95,76,17.58,17.58,17.58,0,1.05,1519154619
Limbang,MY,115,4.75,100,25.6,25,26,75,2.1,1519149600
Kivioli,EE,26.97,59.35,90,-10.4,-10.4,-10.4,64,2.8,1519154620
Horqueta,PY,-57.05,-23.34,70,30,30,30,75,1.5,1519149600
Kirakira,SB,161.92,-10.46,100,28,28,28,68,0.55,1519154620
Cayenne,GF,-52.33,4.94,74,28,28,28,75,6.2,1519149600
Houma,US,-90.72,29.6,65,27.34,27,28,75,5.7,1519150500
Lebu,CL,-73.65,-37.62,94,16,16,16,0,3.9,1519154622
Touros,BR,-35.46,-5.2,74,29.61,29.61,29.61,20,4.9,1519154622
Puerto Ayora,EC,-90.35,-0.74,70,29,29,29,75,3.1,1519153200
Voi,KE,38.57,-3.4,49,26.56,26.56,26.56,24,3.6,1519154623
Oftringen,CH,7.92,47.31,90,0.5,0,1,75,5.7,1519150800
Havelock,US,-76.9,34.88,73,23.8,23,24,75,6.2,1519153080
Chernyshevskiy,RU,112.47,63.01,32,-30.25,-30.25,-30.25,36,1.65,1519154625
Virginia Beach,US,-75.98,36.85,68,20.04,17,24,75,5.1,1519153200
Boende,CD,20.88,-0.28,100,22.41,22.41,22.41,24,1.25,1519154626
Ilulissat,GL,-51.1,69.22,77,-18,-18,-18,90,6.2,1519149000
Marsh Harbour,BS,-77.06,26.54,98,24.36,24.36,24.36,44,9.4,1519154627
Hammond,US,-90.46,30.5,65,27.17,26,28,75,7.2,1519150500
Nanning,CN,108.3,22.83,94,20,20,20,75,2,1519153200
Pangnirtung,CA,-65.72,66.15,77,-24.65,-24.65,-24.65,20,0.65,1519154628
Aykhal,RU,111.51,65.95,45,-34.2,-34.2,-34.2,24,1.2,1519154628
Kiunga,PG,141.3,-6.12,96,23.03,23.03,23.03,44,0.95,1519154629
Ribeira Grande,PT,-28.7,38.52,77,17,17,17,40,13.4,1519149600
Saskylakh,RU,114.09,71.97,68,-20.55,-20.55,-20.55,76,9.7,1519154630
Constitucion,MX,-104.67,23.99,34,18,18,18,75,11.8,1519152120
Marsaxlokk,MT,14.54,35.84,93,11,11,11,20,3.1,1519150500
Ferrol,ES,-8.23,43.48,76,10.89,10,12,75,3.1,1519153200
Monterey,US,-121.89,36.6,37,9.73,9,11,1,2.6,1519152900
Sola,VU,167.55,-13.88,99,27.36,27.36,27.36,0,1.15,1519154632
Petatlan,MX,-101.27,17.52,62,30,30,30,5,2.6,1519152000
Boa Vista,BR,-60.67,2.82,36,34,34,34,40,4.1,1519149600
Kruisfontein,ZA,24.73,-34,93,20.16,20.16,20.16,92,3.4,1519154635
Trairi,BR,-39.27,-3.28,100,26.96,26.96,26.96,12,4.3,1519154635
Langsa,ID,97.97,4.47,89,22.66,22.66,22.66,44,0.5,1519154636
Cidreira,BR,-50.22,-30.17,100,24.5,24.5,24.5,92,3.2,1519154636
Aklavik,CA,-135.01,68.22,66,-16.2,-16.2,-16.2,76,1.85,1519154637
Saint-Louis,SN,-16.5,16.03,44,26,26,26,0,4.1,1519149600
Moree,AU,149.84,-29.46,88,18.53,18.53,18.53,76,4,1519154638
Bolshaya Dzhalga,RU,42.7,45.97,97,-2.95,-2.95,-2.95,80,3.4,1519154638
Baton Rouge,US,-91.15,30.45,51,28,28,28,75,8.7,1519149180
Nanortalik,GL,-45.24,60.14,100,-7.3,-7.3,-7.3,68,4.35,1519154639
Eyl,SO,49.82,7.98,99,23.46,23.46,23.46,0,4.7,1519154640
Paragominas,BR,-47.35,-3,85,28.36,28.36,28.36,76,1.9,1519154640
Khatanga,RU,102.47,71.98,65,-25.7,-25.7,-25.7,80,6.45,1519154641
Dera Bugti,PK,69.15,29.03,77,17.78,17.78,17.78,0,1.85,1519154641
Ketchikan,US,-131.65,55.34,59,1.34,1,2,1,4.1,1519152960
Sao Sebastiao,BR,-58.36,-3.15,70,30,30,30,40,1.5,1519149600
Suixi,CN,116.76,33.92,90,2.16,2.16,2.16,80,2.05,1519154643
Qingdao,CN,120.35,36.09,59,2,2,2,0,2,1519153200
Kaeo,NZ,173.78,-35.1,94,18.11,18.11,18.11,0,3.6,1519154643
Deputatskiy,RU,139.9,69.3,0,-34.32,-34.32,-34.32,36,1.2,1519154644
Prince Rupert,CA,-130.32,54.32,100,-8.25,-8.25,-8.25,0,1.2,1519154644
Puerto Escondido,MX,-97.07,15.86,74,26,26,26,5,5.1,1519152000
Port Lincoln,AU,135.86,-34.72,94,20.41,20.41,20.41,92,3.3,1519154645
Riyadh,SA,46.72,24.63,25,18,18,18,44,3.1,1519149600
Pascagoula,US,-88.56,30.37,73,25.01,24,26,90,6.7,1519152960
Karratha,AU,116.85,-20.74,78,26.43,26.43,26.43,12,3.3,1519154646
Lorengau,PG,147.27,-2.02,99,28.28,28.28,28.28,80,5.45,1519154646
Peterhead,GB,-1.8,57.51,80,5,5,5,24,6.2,1519152600
Maceio,BR,-35.74,-9.67,62,30,30,30,40,7.2,1519149600
Victoria,MX,-100.22,21.21,37,22,22,22,75,3.1,1519152060
Itoman,JP,127.67,26.12,83,21.47,21,22,75,4.1,1519153200
Bethel,US,-161.76,60.79,85,-5,-5,-5,75,2.6,1519152780
Axim,GH,-2.24,4.87,97,27.75,27.75,27.75,20,5.4,1519154650
Santana,BR,-51.18,-0.06,88,27,27,27,75,7.7,1519149600
Itarema,BR,-39.92,-2.92,94,27.58,27.58,27.58,44,3.65,1519154652
Clyde River,CA,-68.59,70.47,87,-23.45,-23.45,-23.45,80,4.05,1519154365
Kununurra,AU,128.74,-15.77,100,25,25,25,8,1.3,1519149600
Alta,NO,23.27,69.97,77,-19.16,-20,-18,0,2.1,1519152600
Palmer,US,-149.11,61.6,92,-3.8,-4,-3,90,2.6,1519152960
Springbok,ZA,17.88,-29.67,21,27.41,27.41,27.41,0,3.8,1519154653
Severo-Kurilsk,RU,156.12,50.68,100,-8,-8,-8,36,5,1519154654
Komsomolskiy,RU,63.78,67.55,39,-31.92,-31.92,-31.92,0,1.3,1519154654
Guerrero Negro,MX,-114.04,27.97,83,14.71,14.71,14.71,0,5.25,1519154655
Baiao,BR,-49.67,-2.79,100,22.86,22.86,22.86,92,1.35,1519154655
Eenhana,NA,16.34,-17.48,68,24.61,24.61,24.61,48,3.1,1519154656
Anito,PH,125.29,12.45,97,27.53,27.53,27.53,80,8.4,1519154656
Sitka,US,-99.65,37.17,68,-1.17,-1.17,-1.17,20,8.7,1519154657
Olutanga,PH,122.85,7.31,99,28.68,28.68,28.68,0,2.95,1519154657
Ixtlahuacan del Rio,MX,-103.25,20.87,27,24,24,24,40,5.1,1519152240
Nsanje,MW,35.26,-16.92,80,26.41,26.41,26.41,32,2.2,1519154658
Kayseri,TR,35.48,38.73,81,7,7,7,75,2.6,1519150800
Sambava,MG,50.17,-14.27,100,25.81,25.81,25.81,68,2.65,1519154659
Korla,CN,86.15,41.76,81,-8.47,-8.47,-8.47,44,1.2,1519154659
Panzhihua,CN,101.72,26.59,37,11.83,11.83,11.83,36,2.05,1519154659
Coahuayana,MX,-100.35,18.62,56,24.58,24.58,24.58,0,1.35,1519154660
Walvis Bay,NA,14.51,-22.95,77,18,18,18,0,4.1,1519149600
Ust-Karsk,RU,118.82,52.71,53,-24.35,-24.35,-24.35,20,1.15,1519154660
Pacific Grove,US,-121.92,36.62,37,9.73,9,11,1,2.6,1519152900
Auki,SB,160.7,-8.77,100,25.33,25.33,25.33,36,1.15,1519154661
East London,ZA,27.91,-33.02,100,23.21,23.21,23.21,92,6.2,1519154662
Zhigalovo,RU,105.15,54.81,65,-13.92,-13.92,-13.92,64,1.7,1519154662
Sabha,LY,14.43,27.03,35,17.08,17.08,17.08,88,2.75,1519154662
Bambous Virieux,MU,57.76,-20.34,88,26,26,26,75,2.1,1519153200
Arraial do Cabo,BR,-42.02,-22.97,58,32.04,31,33,20,7.7,1519149600
Raduzhnyy,RU,77.47,62.1,74,-21.3,-21.3,-21.3,64,3.2,1519154421
Pjanici,BA,15.82,44.98,94,-1.35,-1.35,-1.35,92,1.5,1519154664
Bayan,KW,48.05,29.3,35,21,21,21,0,3.6,1519149600
Dicabisagan,PH,122.42,17.08,100,22.41,22.41,22.41,56,1.15,1519154665
Bosobolo,CD,19.88,4.19,73,26.81,26.81,26.81,0,1.4,1519154666
Jalu,LY,21.55,29.03,28,18.78,18.78,18.78,48,4.15,1519154667
Carutapera,BR,-46.02,-1.2,88,27.5,27.5,27.5,80,2.5,1519154667
Ponta do Sol,CV,-25.09,17.2,100,19.83,19.83,19.83,100,6,1519154667
Esil,KZ,66.41,51.96,77,-8.85,-8.85,-8.85,80,5.8,1519154668
Narsaq,GL,-46.05,60.91,35,-12,-12,-12,75,7.2,1519149000
Kudahuvadhoo,MV,72.89,2.67,100,28.36,28.36,28.36,100,6.2,1519154669
Lamar,US,-102.62,38.09,48,-6,-6,-6,1,3.6,1519152780
Ballina,AU,153.57,-28.87,100,22.31,22.31,22.31,92,7.6,1519154669
Madang,PG,145.81,-5.21,100,22.71,22.71,22.71,92,3.1,1519154670
Quatre Cocos,MU,57.76,-20.21,88,26,26,26,75,2.1,1519153200
Peleduy,RU,112.75,59.63,66,-18.45,-18.45,-18.45,56,1.5,1519154670
Norden,DE,7.21,53.59,86,0.06,-1,1,0,3.1,1519152900
Kalmunai,LK,81.82,7.42,95,20.53,20.53,20.53,0,2.2,1519154671
Kitui,KE,38.02,-1.37,74,20.61,20.61,20.61,32,1.5,1519154671
Batagay-Alyta,RU,130.41,67.8,27,-29.1,-29.1,-29.1,68,1.15,1519154672
Manta,EC,-80.73,-0.95,74,29,29,29,40,3.6,1519153200
Ilebo,CD,20.59,-4.33,82,25.61,25.61,25.61,20,1.75,1519154673
Karasburg,NA,18.75,-28.01,15,29.86,29.86,29.86,0,3.35,1519154673
Ahipara,NZ,173.16,-35.17,97,19.33,19.33,19.33,0,4.9,1519154674
Say,NE,2.36,13.1,7,37,37,37,0,1,1519149600
Ixtapa,MX,-105.21,20.71,65,27,27,27,75,4.1,1519152180
Kaitangata,NZ,169.85,-46.28,94,9.5,9.5,9.5,92,7.55,1519154675
Wanning,CN,110.4,18.8,100,21.68,21.68,21.68,88,0.95,1519154675
Synya,RU,58.04,65.37,69,-20.7,-20.7,-20.7,44,1.3,1519154676
Fairbanks,US,-147.72,64.84,100,0.01,-1,1,90,4.6,1519153080
Kazachinskoye,RU,93.28,57.69,82,-10.35,-10.35,-10.35,80,2.7,1519154676
Thaton,MM,97.37,16.91,88,25.83,25.83,25.83,0,3.95,1519154677
Bijie,CN,105.3,27.3,95,4.78,4.78,4.78,92,0.95,1519154677
Chandia,IN,80.7,23.65,61,13.56,13.56,13.56,0,1.4,1519154677
Cabedelo,BR,-34.84,-6.97,66,29,29,29,75,4.6,1519149600
Hualmay,PE,-77.61,-11.1,61,25.36,25.36,25.36,0,2.35,1519154678
Geraldton,CA,-86.95,49.72,66,-18.45,-18.45,-18.45,88,3.15,1519154698
Suntar,RU,117.65,62.16,34,-30.75,-30.75,-30.75,44,1.35,1519154679
Kutum,SD,24.66,14.2,30,23.33,23.33,23.33,0,3.05,1519154679
Port Hardy,CA,-127.42,50.7,91,-2.8,-2.8,-2.8,0,1.5,1519154522
Rieti,IT,12.86,42.4,61,6.78,5,9,75,3.1,1519149300
Alofi,NU,-169.92,-19.06,94,23,23,23,40,2.1,1519149600
Santiago del Estero,AR,-64.26,-27.8,66,32.5,32.5,32.5,8,2.75,1519154681
Medicine Hat,CA,-110.68,50.04,76,-14.92,-14.92,-14.92,20,3.3,1519154499
Progreso,MX,-99.19,20.25,71,18.66,18.66,18.66,24,1.45,1519154682
Fare,PF,-151.02,-16.7,99,27.58,27.58,27.58,100,7.1,1519154682
Shimoda,JP,138.93,34.7,100,10.61,10.61,10.61,24,4.05,1519154682
Rafai,CF,23.92,4.95,56,27.11,27.11,27.11,8,3.1,1519154683
Maitum,PH,124.5,6.06,100,27.41,27.41,27.41,0,0.3,1519154683
Bandrele,YT,45.19,-12.91,88,26,26,26,88,1,1519153200
Nuevo Progreso,MX,-95.05,17.14,78,29.03,29.03,29.03,0,3.95,1519154684
Lompoc,US,-120.46,34.64,30,11.5,10,12,1,4.6,1519152960
Freeport,US,-89.62,42.3,100,3.18,1,5,90,3.1,1519154100
Hamilton,BM,-64.78,32.3,60,20,20,20,20,5.1,1519152900
Chino Valley,US,-112.45,34.76,22,0.65,-3,3,1,2.6,1519154100
Iqaluit,CA,-68.52,63.75,85,-23.25,-23.25,-23.25,64,10.9,1519154685
Hofn,IS,-15.21,64.25,98,3.71,3.71,3.71,0,5.85,1519154686
Uyskoye,RU,60.01,54.37,87,-11.67,-11.67,-11.67,88,2.05,1519154686
Cockburn Town,BS,-74.52,24.03,95,25.18,25.18,25.18,80,10.25,1519154687
Zhanaozen,KZ,52.85,43.35,65,-10.57,-10.57,-10.57,0,1.25,1519154687
Vila Franca do Campo,PT,-25.43,37.72,72,16,16,16,40,8.2,1519149600
Gilgit,PK,74.31,35.92,92,-6.75,-6.75,-6.75,88,0.1,1519154688
Ust-Maya,RU,134.54,60.42,0,-37.05,-37.05,-37.05,20,1.3,1519154688
Kintampo,GH,-1.73,8.05,76,29.66,29.66,29.66,32,1.4,1519154689
Klerksdorp,ZA,26.67,-26.86,59,22.46,22.46,22.46,0,4.3,1519154689
Kieta,PG,155.63,-6.22,100,25.31,25.31,25.31,8,1.5,1519154689
Norman Wells,CA,-126.83,65.28,83,-13.75,-13.75,-13.75,76,1.55,1519154690
Bonavista,CA,-53.11,48.65,80,2,2,2,68,6.05,1519154690
Mehamn,NO,27.85,71.03,68,-1,-1,-1,75,5.7,1519152600
Jiuquan,CN,98.49,39.73,54,-20.8,-20.8,-20.8,0,1.2,1519154691
Along,IN,94.8,28.17,80,9.53,9.53,9.53,0,1.05,1519154691
Krasnokamensk,RU,118.04,50.1,53,-24.3,-24.3,-24.3,20,2.85,1519154692
Mehnagar,IN,83.12,25.88,74,16.81,16.81,16.81,0,1.25,1519154692
Cururupu,BR,-44.87,-1.82,100,24.06,24.06,24.06,92,3.75,1519154692
Xuddur,SO,43.89,4.12,47,28.46,28.46,28.46,48,3.85,1519154693
De Aar,ZA,24.01,-30.65,19,21.5,21.5,21.5,0,2.85,1519154693
Donja Dubica,BA,18.41,45.08,95,0,0,0,90,1.5,1519153200
Kenai,US,-151.26,60.55,92,-10.49,-11,-10,1,2.05,1519152960
Chaozhou,CN,116.62,23.66,88,17,17,17,75,2,1519153200
Sahuaripa,MX,-109.23,29.05,83,12.43,12.43,12.43,48,1.6,1519154695
Ahuimanu,US,-157.84,21.44,83,21.66,20,23,1,1.5,1519153020
Kahului,US,-156.47,20.89,83,21.31,21,22,20,1.5,1519152960
Dossor,KZ,52.98,47.52,68,-10.75,-10.75,-10.75,0,4,1519154696
Harer,ET,42.13,9.31,91,17.28,17.28,17.28,92,1.3,1519154696
Matamoros,MX,-103.23,25.53,26,26,26,26,75,4.6,1519152240
Lencois Paulista,BR,-48.8,-22.6,68,28.08,28.08,28.08,48,6.55,1519154697
Diego de Almagro,CL,-70.05,-26.39,44,26.25,26.25,26.25,0,2.4,1519154697
Necochea,AR,-58.74,-38.55,85,21.21,21.21,21.21,0,5.75,1519154604
Mount Isa,AU,139.49,-20.73,61,27,27,27,0,3.1,1519149600
Murgab,TM,61.97,37.5,75,7,7,7,75,2.1,1519149600
Bambanglipuro,ID,110.28,-7.95,97,21.56,21.56,21.56,44,1.25,1519154699
Ancud,CL,-73.83,-41.87,67,17.83,17.83,17.83,20,2.1,1519154700
Mogadishu,SO,45.34,2.04,100,26.31,26.31,26.31,88,7.1,1519154700
Impfondo,CG,18.07,1.64,94,24.36,24.36,24.36,24,1.1,1519154524
Plettenberg Bay,ZA,23.37,-34.05,100,20.96,20.96,20.96,92,4.55,1519154701
Strezhevoy,RU,77.6,60.73,100,-10,-10,-10,90,1,1519151400
Sao Miguel do Araguaia,BR,-50.16,-13.28,96,28.46,28.46,28.46,32,2.1,1519154702
Takoradi,GH,-1.75,4.89,92,28.06,28.06,28.06,8,4.55,1519154702
Lexington,US,-84.5,38.05,47,25.02,24,26,40,11.3,1519150500
Udachnyy,RU,112.4,66.42,31,-29.92,-29.92,-29.92,32,2.05,1519154703
Bage,BR,-54.11,-31.33,58,28,28,28,90,5.7,1519149600
Hami,CN,93.51,42.84,58,-12.35,-12.35,-12.35,0,0.85,1519154704
Tikrit,IQ,43.68,34.62,91,9.75,9.75,9.75,32,1.55,1519154533
Bubaque,GW,-15.83,11.28,40,31,31,31,0,4.6,1519149600
Xam Nua,LA,104.04,20.42,89,14.56,14.56,14.56,8,0.75,1519154705
Eureka,US,-124.16,40.8,48,4.83,3,7,20,1.6,1519152780
Hennebont,FR,-3.27,47.81,75,7,7,7,75,4.1,1519153200
Caravelas,BR,-39.27,-17.73,100,26.66,26.66,26.66,8,7.05,1519154445
Sao Miguel,BR,-61.01,4.52,35,30.46,30.46,30.46,0,2.35,1519154706
Tyret Pervaya,RU,102.31,53.67,75,-13.97,-13.97,-13.97,68,1.35,1519154707
Bilma,NE,12.92,18.69,26,25.06,25.06,25.06,0,2.3,1519154707
Tongliao,CN,122.27,43.61,51,-17.17,-17.17,-17.17,0,1.4,1519154707
Beloha,MG,45.06,-25.17,62,25.93,25.93,25.93,0,9.1,1519154708
Salinopolis,BR,-47.36,-0.61,100,25.91,25.91,25.91,100,1.6,1519154708
Salalah,OM,54.1,17.01,78,24,24,24,40,2.1,1519149000
Yar-Sale,RU,70.83,66.83,41,-32.22,-32.22,-32.22,0,1.8,1519154709
Lucea,JM,-78.17,18.44,70,29,29,29,40,10.8,1519153200
Ayutla,MX,-104.35,20.13,52,20.71,20.71,20.71,0,1.25,1519154710
Toamasina,MG,49.38,-18.17,78,28,28,28,40,1.2,1519153200
Paka,MY,103.44,4.64,88,25,25,25,68,1.5,1519149600
Bichura,RU,107.6,50.59,57,-19.6,-19.6,-19.6,20,2.5,1519154711
Severo-Yeniseyskiy,RU,93.04,60.37,76,-13.97,-13.97,-13.97,64,1.2,1519154712
Dunedin,NZ,170.5,-45.87,100,7.41,7.41,7.41,92,6.35,1519154645
Xiazhen,CN,117.11,34.8,85,3.03,3.03,3.03,80,3.3,1519154713
La Peca,PE,-78.44,-5.61,83,24.41,24.41,24.41,44,1.15,1519154713
Aksarka,RU,67.8,66.56,37,-31.35,-31.35,-31.35,8,1.55,1519154714
Naze,JP,129.48,28.37,100,18.53,18.53,18.53,64,2.25,1519154714
Florianopolis,BR,-48.55,-27.6,62,29,29,29,20,5.1,1519149600
Tornio,FI,27.27,61.12,92,-15.1,-19,-12,0,2.1,1519152600
Rawson,AR,-65.11,-43.3,33,25.33,25.33,25.33,0,1.85,1519154715
Taonan,CN,122.78,45.34,60,-19,-19,-19,0,1.65,1519154715
Abalak,NE,6.28,15.46,34,28.66,28.66,28.66,0,1.65,1519154716
Sardarshahr,IN,74.48,28.43,41,18.56,18.56,18.56,56,3.85,1519154716
Cap-aux-Meules,CA,-61.86,47.38,100,-1.25,-1.25,-1.25,24,10.05,1519154717
Dabola,GN,-11.11,10.74,21,34,34,34,0,2.05,1519154717
Shingu,JP,135.99,33.72,100,8.43,8.43,8.43,88,4.5,1519154718
Louis Trichardt,ZA,29.91,-23.04,99,20.21,20.21,20.21,92,1.5,1519154718
Uruzgan,AF,66.63,32.93,79,-0.5,-0.5,-0.5,0,1.45,1519154719
Bluefield,US,-81.22,37.27,43,21.69,18,24,1,4.6,1519150500
Port Blair,IN,92.75,11.67,100,27.71,27.71,27.71,0,4.75,1519154720
Umm Lajj,SA,37.27,25.02,80,20.46,20.46,20.46,76,1.95,1519154720
Ukiah,US,-123.21,39.15,44,5,5,5,1,1.5,1519152960
Barcelos,BR,-62.93,-0.97,47,35.28,35.28,35.28,8,3.7,1519154721
Baniyas,SY,35.94,35.18,100,12.43,12.43,12.43,92,1.15,1519154721
Teya,RU,92.63,60.37,79,-14.42,-14.42,-14.42,64,1.15,1519154721
Potamia,GR,25.04,41.03,81,8,8,8,75,3.1,1519149000
Mount Gambier,AU,140.78,-37.83,52,23.08,23.08,23.08,68,3.3,1519154722
Novokayakent,RU,47.99,42.39,100,2,2,2,90,1,1519151400
Ndele,CF,20.65,8.41,45,30.66,30.66,30.66,8,2.05,1519154723
Pareora,NZ,171.21,-44.49,100,8.28,8.28,8.28,92,7.9,1519154723
Faanui,PF,-151.75,-16.48,100,27.33,27.33,27.33,88,7.45,1519154723
Pointe-Noire,GP,-61.79,16.23,65,27,27,27,56,8.7,1519153200
San Policarpo,PH,125.51,12.18,99,25.83,25.83,25.83,92,5.75,1519154724
Simpang,ID,96.17,4.36,100,25.03,25.03,25.03,92,2.3,1519154725
Fez,MA,-5.02,34.03,67,14.65,14,15,20,1.2,1519151400
Muravlenko,RU,74.5,63.79,77,-27.47,-27.47,-27.47,32,2.8,1519154726
La Primavera,CO,-70.41,5.49,29,35.36,35.36,35.36,0,7.7,1519154726
Borisovka,RU,36.01,50.61,85,-9,-9,-9,40,4,1519151400
Pokosnoye,RU,101.05,55.53,75,-12.82,-12.82,-12.82,64,1.75,1519154727
Turiacu,BR,-63,-5.01,60,33,33,33,24,3.2,1519154728
Poltava,UA,34.55,49.59,51,-14.97,-14.97,-14.97,32,1.8,1519154728
Kabalo,CD,26.92,-6.05,88,23,23,23,76,2.85,1519154728
Meulaboh,ID,96.13,4.14,100,25.03,25.03,25.03,92,2.3,1519154729
Burns Lake,CA,-125.76,54.23,62,-16.55,-16.55,-16.55,0,1.1,1519154687
Pindamonhangaba,BR,-45.46,-22.93,52,31.31,30,33,40,4.6,1519149600
Kamenka,RU,44.05,53.19,93,-7.55,-7.55,-7.55,76,4.6,1519154730
Sangar,RU,127.47,63.92,0,-39.17,-39.17,-39.17,8,1.4,1519154730
Saint-Pierre,PM,-56.17,46.77,93,2,2,2,75,3.6,1519149600
Sioux Lookout,CA,-91.92,50.1,65,-16.47,-16.47,-16.47,80,1.75,1519154644
Nyazepetrovsk,RU,59.6,56.06,83,-10.1,-10.1,-10.1,64,1.4,1519154731
Sistranda,NO,8.83,63.73,80,-1,-1,-1,75,6.2,1519152600
Emmett,US,-116.5,43.87,35,-4.5,-5,-4,1,2.6,1519154100
Nome,US,-94.42,30.04,78,25.25,25,26,90,6.2,1519150500
Port-Gentil,GA,8.78,-0.72,88,28,28,28,90,2.1,1519153200
Vardo,NO,31.11,70.37,54,-3.49,-4,-2,40,9.3,1519152600
San Juan,PH,121.03,14.6,78,27,27,27,20,2.1,1519149600
Diffa,NE,12.61,13.32,37,28.53,28.53,28.53,0,1.75,1519154735
Sammamish,US,-122.04,47.61,59,-0.13,-2,1,90,2.1,1519150500
Zhigansk,RU,123.37,66.77,38,-31.8,-31.8,-31.8,56,2.75,1519154735
Fuxin,CN,121.65,42.02,53,-17.67,-17.67,-17.67,0,1.25,1519154736
Beyneu,KZ,55.19,45.32,65,-12.75,-12.75,-12.75,8,2.3,1519154736
Krasnoye,RU,39.46,44.87,74,2,2,2,90,6,1519151400
Fortuna,US,-124.16,40.6,69,5.74,4,7,1,2.6,1519154100
Batticaloa,LK,81.69,7.71,100,23.31,23.31,23.31,0,2.75,1519154738
Egvekinot,RU,-179.17,66.32,94,-2.72,-2.72,-2.72,88,4.75,1519154739
Three Hills,CA,-113.27,51.7,82,-15.7,-15.7,-15.7,12,4,1519154739
Santiago de Cuba,CU,-75.83,20.03,54,30.13,29,31,20,8.2,1519152960
Petropavlovsk-Kamchatskiy,RU,158.65,53.05,84,-17,-17,-17,0,5,1519149600
Abeche,TD,20.83,13.83,28,27.33,27.33,27.33,0,2.95,1519154740
Ambikapur,IN,83.2,23.12,75,13.56,13.56,13.56,0,1.4,1519154741
Leningradskiy,RU,178.42,69.38,86,-14.05,-14.05,-14.05,68,14.55,1519154741
Lanciano,IT,14.39,42.23,93,5,5,5,75,1.5,1519149000
Banda Aceh,ID,95.32,5.56,91,25.11,25.11,25.11,76,0.5,1519154742
Honningsvag,NO,25.97,70.98,86,-1,-1,-1,75,3.1,1519152600
Susuman,RU,148.15,62.78,73,-28.4,-28.4,-28.4,36,1.2,1519154743
Artyom,AZ,50.33,40.47,87,7,7,7,90,2.1,1519151400
Sri Aman,MY,111.46,1.24,94,24,24,24,75,0.7,1519149600
Baindur,IN,74.63,13.87,96,28.31,28.31,28.31,0,6.2,1519154744
Ugoofaaru,MV,73,5.67,100,27.75,27.75,27.75,0,2.7,1519154745
Brae,GB,-1.35,60.4,86,5.71,4,7,88,3.1,1519152600
Yatou,CN,104.32,33.81,90,-4.97,-4.97,-4.97,92,0.85,1519154745
Bonthe,SL,-12.5,7.53,57,30.18,30.18,30.18,0,2.9,1519154746
Asyut,EG,31.19,27.18,45,20,20,20,0,2.05,1519149600
Bar Harbor,US,-68.2,44.39,87,4.74,4,6,90,2.6,1519149360
Srednekolymsk,RU,153.71,67.46,83,-28.5,-28.5,-28.5,0,1.1,1519154747
Arawa,PG,155.57,-6.23,100,25.31,25.31,25.31,8,1.5,1519154747
Port Macquarie,AU,152.91,-31.43,93,17,17,17,90,2.6,1519149600
Havre-Saint-Pierre,CA,-63.6,50.23,76,-12.25,-12.25,-12.25,0,4.35,1519154747
Koudougou,BF,-2.37,12.25,27,35.5,35.5,35.5,8,2.25,1519154748
Saldanha,ZA,17.94,-33.01,77,19,19,19,24,7.7,1519149600
Upington,ZA,21.24,-28.46,17,28,28,28,0,2.6,1519153200
Makinsk,KZ,70.42,52.63,77,-9.97,-9.97,-9.97,68,3.9,1519154749
Basco,PH,121.97,20.45,100,25.16,25.16,25.16,92,6.05,1519154749
Kloulklubed,PW,134.26,7.04,83,25.49,25,26,40,2.6,1519152720
Oranjemund,NA,16.43,-28.55,94,17.91,17.91,17.91,0,10.9,1519154750
Trinidad,US,-104.5,37.17,85,-2.9,-8,6,90,3.1,1519153560
Araouane,ML,-3.53,18.9,28,26.56,26.56,26.56,8,2.3,1519154751
Jiayuguan,CN,98.29,39.77,54,-20.8,-20.8,-20.8,0,1.2,1519154751
Ostrovnoy,RU,39.51,68.05,84,-10.72,-10.72,-10.72,36,4.45,1519154751
Tual,ID,132.75,-5.67,96,29.86,29.86,29.86,80,3.05,1519154752
Alyangula,AU,136.42,-13.85,100,28.08,28.08,28.08,0,4.75,1519154753
Mikhaylovka,KZ,69.46,54.89,83,-8.82,-8.82,-8.82,68,4.25,1519154753
Chumikan,RU,135.31,54.72,58,-24.6,-24.6,-24.6,0,2.85,1519154753
Severomuysk,RU,113.57,56.17,63,-24.2,-24.2,-24.2,32,1,1519154754
Yinchuan,CN,106.21,38.48,77,-11.2,-11.2,-11.2,32,1.4,1519154754
Mecca,SA,39.83,21.43,73,25,25,25,40,1,1519149600
Noumea,NC,166.46,-22.28,94,23,23,23,8,3.05,1519149600
Kalga,RU,118.9,50.92,20,-26.1,-26.1,-26.1,12,1.85,1519154755
Tsumeb,NA,17.72,-19.25,59,25.78,25.78,25.78,48,1.4,1519154755
Talcahuano,CL,-73.12,-36.72,60,23,23,23,40,3.1,1519149600
Koslan,RU,48.9,63.46,71,-12.75,-12.75,-12.75,64,2.2,1519154756
Maumere,ID,122.22,-8.63,100,27.16,27.16,27.16,48,2.4,1519154757
Belmonte,BR,-53.58,-26.84,93,24.21,24.21,24.21,76,4.45,1519154757
Novo Lino,BR,-35.66,-8.94,62,30,30,30,40,7.2,1519149600
Hare Bay,CA,-53.99,48.86,75,2.81,2.81,2.81,88,5.25,1519154758
Sumbe,AO,13.84,-11.2,100,24.5,24.5,24.5,100,4.3,1519154758
Kalmar,SE,16.36,56.66,100,-3,-3,-3,0,2.1,1519152600
Aboso,GH,-1.95,5.36,69,29.21,29.21,29.21,20,3.3,1519154759
Camacha,PT,-16.33,33.08,72,15.62,15,16,40,5.1,1519149600
Tilichiki,RU,166.1,60.47,74,-11.22,-11.22,-11.22,76,3.2,1519154760
Russell,NZ,174.12,-35.26,94,18.11,18.11,18.11,0,3.6,1519154760
Bukama,CD,25.85,-9.2,83,25.18,25.18,25.18,44,1.2,1519154761
Anori,BR,-61.66,-3.74,54,34,34,34,32,2.75,1519154761
Benton Harbor,US,-86.45,42.12,93,17.27,16,18,90,9.8,1519152840
Acari,PE,-74.62,-15.44,51,24.78,24.78,24.78,0,1.75,1519154762
Uddevalla,SE,11.94,58.35,92,-3,-3,-3,92,1.5,1519152600
Potosi,BO,-65.75,-19.59,25,16.58,16.58,16.58,12,1.95,1519154762
Vangaindrano,MG,47.6,-23.35,100,21,21,21,92,1.5,1519154763
Novyy Urengoy,RU,76.63,66.08,33,-30,-30,-30,20,1.5,1519154763
Waingapu,ID,120.26,-9.65,99,22.43,22.43,22.43,36,1.15,1519154763
Sao Sepe,BR,-53.57,-30.16,100,21.5,21.5,21.5,92,3.95,1519154764
Marawi,SD,31.82,18.48,23,22.28,22.28,22.28,0,2.75,1519154764
Kitakata,JP,139.86,37.67,91,-3.57,-3.57,-3.57,88,0.95,1519154765
Porto Walter,BR,-72.74,-8.27,63,32.08,32.08,32.08,12,1.3,1519154765
Acarigua,VE,-69.21,9.56,31,33.58,33.58,33.58,0,3.2,1519154765
Sovetskiy,RU,48.47,56.76,81,-7.92,-7.92,-7.92,88,1.35,1519154766
Kathu,TH,98.33,7.91,78,25,25,25,20,6.55,1519149600
Port-Cartier,CA,-66.88,50.03,100,-8.72,-8.72,-8.72,36,6.6,1519154767
Dwarka,IN,77.04,28.58,67,17,17,17,20,1.2,1519153200
Tezu,IN,96.16,27.93,72,9.75,9.75,9.75,0,0.9,1519154768
Pangody,RU,74.49,65.85,39,-31.92,-31.92,-31.92,12,1.45,1519154768
Ulladulla,AU,150.48,-35.36,77,16,16,16,90,1.5,1519149600
Adrar,DZ,-0.29,27.87,9,24,24,24,0,0.9,1519149600
Fort Nelson,CA,-122.69,58.81,70,-11.8,-11.8,-11.8,0,1.3,1519154769
The Valley,AI,-63.06,18.22,65,26.03,25,27,75,7.2,1519153200
Kirensk,RU,108.12,57.78,60,-15.55,-15.55,-15.55,56,1.95,1519154770
Coffs Harbour,AU,153.13,-30.3,93,18,18,18,75,5.1,1519150620
Sarahan,IN,77.79,31.51,91,-19.8,-19.8,-19.8,8,0.55,1519154771
Amalapuram,IN,82,16.58,84,22.08,22.08,22.08,0,2.1,1519154771
Tabas,IR,56.92,33.6,66,7.53,7.53,7.53,0,1.6,1519154771
Elko,US,-115.76,40.83,57,-7,-7,-7,20,4.1,1519152960
Vanavara,RU,102.28,60.35,67,-18.57,-18.57,-18.57,56,1.2,1519154772
Qaqortoq,GL,-46.03,60.72,35,-12,-12,-12,75,7.2,1519149000
Afsin,TR,36.91,38.25,93,0.81,0.81,0.81,88,1.2,1519154773
Manuk Mangkaw,PH,119.85,4.8,100,28.21,28.21,28.21,20,2.1,1519154773
Isangel,VU,169.27,-19.55,100,27.33,27.33,27.33,12,2.95,1519154774
Ko Samui,TH,99.94,9.54,100,27.58,27.58,27.58,36,5.35,1519154774
Key West,US,-96.78,47.93,72,-12.61,-14,-12,40,5.1,1519152960
Borgarnes,IS,-21.92,64.54,83,0,0,0,75,3.6,1519149600
Baykit,RU,96.39,61.68,60,-19.67,-19.67,-19.67,48,1.7,1519154775
Phangnga,TH,98.53,8.45,78,23.9,23,25,20,2.55,1519149600
Tadpatri,IN,78.02,14.92,45,24.68,24.68,24.68,8,4.2,1519154776
Channagiri,IN,75.92,14.03,48,19.93,19.93,19.93,0,3.65,1519154777
Coromandel,BR,-47.2,-18.47,100,25.71,25.71,25.71,8,2.6,1519154777
Roald,NO,6.12,62.58,59,1.59,0,3,75,5.7,1519152600
Pisco,PE,-76.2,-13.71,61,27,27,27,0,7.2,1519153200
Santa Maria,CV,-22.9,16.6,64,21.42,21,22,75,5.7,1519149600
Alice Springs,AU,133.88,-23.7,37,30,30,30,68,2.6,1519149600
Atasu,KZ,71.64,48.68,65,-10.97,-10.97,-10.97,56,4.1,1519154779
Mayor Pablo Lagerenza,PY,-60.77,-19.93,74,32.71,32.71,32.71,20,5,1519154779
Seoul,KR,126.98,37.57,34,-4.4,-6,-2,0,1,1519153260
Grove City,US,-83.09,39.88,53,23.4,22,25,5,11.3,1519154100
San Rafael,AR,-68.33,-34.61,81,21.03,21.03,21.03,0,2.4,1519154780
Thinadhoo,MV,72.93,0.53,100,28.68,28.68,28.68,32,5.65,1519154781
Zunyi,CN,106.92,27.73,88,5.66,5.66,5.66,92,3.65,1519154781
Uyemskiy,RU,40.85,64.47,92,-14,-14,-14,0,1,1519151400
Svay Rieng,KH,105.8,11.08,81,24.11,24.11,24.11,8,3.6,1519154782
Rio Cuarto,AR,-64.35,-33.13,47,24,24,24,20,4.1,1519149600
Teacapan,MX,-105.74,22.54,53,25.46,25.46,25.46,36,1.45,1519154783
Bayangol,RU,103.47,50.7,55,-22.95,-22.95,-22.95,44,2.5,1519154783
Likasi,CD,26.74,-10.99,84,23.36,23.36,23.36,24,1,1519154784
High Prairie,CA,-116.48,55.43,66,-14.07,-14.07,-14.07,56,1.85,1519154785
Anchorage,US,-149.89,61.22,100,-3.8,-4,-3,90,1.4,1519152960
Sioux Falls,US,-96.7,43.55,72,-12.25,-13,-11,40,11.3,1519154100
Vestmannaeyjar,IS,-20.27,63.44,90,3.78,3.78,3.78,88,7.15,1519154786
Plouzane,FR,-4.62,48.38,75,7.57,7,8,0,4.1,1519153200
Ilek,RU,53.38,51.53,88,-8.1,-8.1,-8.1,76,2.5,1519154787
Beatrice,US,-96.75,40.27,67,-6.15,-7,-5,75,7.7,1519152900
Chongwe,ZM,28.68,-15.33,86,22.16,22.16,22.16,20,1.3,1519154788
Bundaberg,AU,152.35,-24.87,100,25.28,25.28,25.28,68,7.7,1519154788
Neiafu,TO,-173.98,-18.65,88,23,23,23,40,6.2,1519149600
Lashma,RU,41.14,54.93,82,-7.15,-7.15,-7.15,68,4,1519154789
Dingle,IE,-10.27,52.14,97,7.61,7.61,7.61,0,2.75,1519154790
Hervey Bay,AU,152.85,-25.3,100,25.03,25.03,25.03,68,6.3,1519154790
Matara,LK,80.54,5.95,94,25.31,25.31,25.31,8,2.85,1519154790
Eydhafushi,MV,73.07,5.1,100,27.75,27.75,27.75,0,2.7,1519154791
Oktyabrskoye,RU,85.44,56.73,80,-9.05,-9.05,-9.05,88,3.1,1519154792
Casma,PE,-78.3,-9.47,86,22.08,22.08,22.08,0,3.35,1519154792
Rawlins,US,-107.24,41.79,71,-12.4,-13,-12,90,8.7,1519150500
Tacuarembo,UY,-55.98,-31.73,63,30,30,30,44,4.95,1519154793
Palafrugell,ES,3.16,41.92,93,9,9,9,20,1.5,1519153200
Paragould,US,-90.5,36.06,78,23.26,23,24,75,11.3,1519152960
Carhuamayo,PE,-76.06,-10.92,45,15.66,15.66,15.66,12,1.55,1519154795
Ishigaki,JP,124.16,24.34,100,21.56,21.56,21.56,100,4.35,1519154795
Barrhead,CA,-114.4,54.12,78,-12.47,-12.47,-12.47,68,3.5,1519154796
Praia,CV,-23.51,14.92,64,23,23,23,20,9.3,1519149600
Kanniyakumari,IN,77.57,8.08,96,28.08,28.08,28.08,0,8.45,1519154796
Alexandria,EG,29.89,31.2,77,16,16,16,0,1.5,1519149600
Zabol,IR,61.49,31.03,41,15,15,15,0,9.3,1519149600
Broken Hill,AU,141.45,-31.97,45,24.28,24.28,24.28,32,6.65,1519154797
Kabinda,CD,24.49,-6.14,76,25.06,25.06,25.06,24,0.8,1519154798
Carnot,CF,15.87,4.94,71,26.5,26.5,26.5,20,1.5,1519154798
Tiarei,PF,-149.33,-17.53,78,28,28,28,40,6.2,1519149600
Baruun-Urt,MN,113.28,46.68,60,-20.4,-20.4,-20.4,0,3.45,1519154799
Mayo,CA,-135.9,63.59,69,-17.82,-17.82,-17.82,88,1.65,1519154799
Inhambane,MZ,35.38,-23.87,91,26.53,26.53,26.53,64,5.5,1519154799
Nichinan,JP,131.31,31.65,100,7.61,7.61,7.61,92,4.9,1519154800
Mbanza-Ngungu,CD,14.87,-5.25,92,21.91,21.91,21.91,92,2.5,1519154800
Lanzhou,CN,103.82,36.06,92,-8,-8,-8,90,1,1519149600
Kedrovyy,RU,91.82,56.17,72,-9,-9,-9,40,5,1519151400
Kupang,ID,123.6,-10.16,97,26.91,26.91,26.91,88,1.65,1519154802
Kizukuri,JP,140.39,40.81,100,-2.32,-2.32,-2.32,80,5.9,1519154802
Leicester,GB,-1.13,52.64,70,6.96,6,8,75,5.1,1519152600
Sorong,ID,131.25,-0.86,100,26.28,26.28,26.28,56,2.85,1519154803
Waipawa,NZ,176.59,-39.94,51,18.71,18.71,18.71,0,8.45,1519154803
Mandalgovi,MN,106.27,45.76,48,-20.92,-20.92,-20.92,8,3.25,1519154803
Rocha,UY,-54.34,-34.48,71,25.18,25.18,25.18,76,4.8,1519154804
Filingue,NE,3.32,14.35,48,30.75,30.75,30.75,0,1.15,1519154804
Taoudenni,ML,-3.98,22.68,22,26.61,26.61,26.61,44,3.95,1519154805